Country Name,Country Code,year,gdp_real,gdp_ppp_real,gdp_per_energy,energy,log_gdp,log_energy,dlog_gdp,dlog_energy
China,CHN,1990,1041271896195.66,1892271367560.09,2.15574198433502,877781933696.3915,27.6714640589657,27.500664032644924,,
China,CHN,1991,1138752669458.5,2069420176441.64,2.42817959368777,852251695805.8821,27.76095462971849,27.471147737761072,0.08949057075279043,-0.029516294883851657
China,CHN,1992,1301589870245.13,2365339209451.12,2.68344178758115,881457246584.519,27.894607610280335,27.504842336853194,0.13365298056184471,0.033694599092122246
China,CHN,1993,1482889338698.69,2694809153240.02,2.88501522764224,934071032769.673,28.025013556407146,27.562818324499354,0.13040594612681033,0.05797598764615941
China,CHN,1994,1676743149158.28,3047093716345.3,3.11301873600764,978822800229.3082,28.147874426131885,27.609616462307077,0.12286086972473953,0.04679813780772335
China,CHN,1995,1861735071148.11,3383273842295.33,3.21717383436326,1051629167860.9105,28.252530002785054,27.681361666067264,0.10465557665316894,0.07174520376018734
China,CHN,1996,2047465483836.55,3720796004661.86,3.4534862079651,1077402885258.4493,28.347623794820457,27.705574525171855,0.09509379203540291,0.02421285910459048
China,CHN,1997,2237626840759.87,4066370385606.02,3.77162669564954,1078147630648.7219,28.436436974096445,27.706265527692473,0.08881317927598786,0.0006910025206181558
China,CHN,1998,2414864610327.86,4388459129025.54,4.05036866152882,1083471529569.1398,28.51266433948551,27.711191381222395,0.07622736538906594,0.004925853529922364
China,CHN,1999,2601702759078.63,4727994346043.03,4.28519625947246,1103332043565.5103,28.587187253935692,27.72935584767487,0.07452291445018133,0.01816446645247538
China,CHN,2000,2825096197799.54,5133960366384.9,4.52750187898927,1133949914015.5007,28.669563532265606,27.756728152723863,0.08237627832991379,0.02737230504899202
China,CHN,2001,3059936242478.58,5560727951418.39,4.74457571082834,1172017961211.4482,28.749415195884456,27.78974813223168,0.07985166361885021,0.033019979507816544
China,CHN,2002,3342778183071.46,6074727904441.69,4.86027062589304,1249874414827.5698,28.837823368509216,27.854064194057553,0.08840817262476008,0.06431606182587402
China,CHN,2003,3681006926650.74,6689380589777.04,4.69806372809126,1423859057036.4224,28.93420745205437,27.98439194721954,0.09638408354515349,0.13032775316198553
China,CHN,2004,4053944733453.66,7367108987395.51,4.55081488915929,1618854901117.8296,29.0307115312689,28.11274016407394,0.09650407921452953,0.1283482168544019
China,CHN,2005,4518455387849.41,8211249902415.96,4.59801438260999,1785825188688.2908,29.13919132301835,28.210901714918457,0.1084797917494491,0.09816155084451594
China,CHN,2006,5091154930758.42,9251999154576.55,4.73571598650728,1953664278207.7295,29.258525822669807,28.30072784220206,0.11933449965145826,0.0898261272836045
China,CHN,2007,5811552614974.09,10561155692920.1,5.02280546189697,2102640799656.1055,29.39086888258535,28.374215194283074,0.13234305991554507,0.07348735208101331
China,CHN,2008,6373544042638.01,11582445416831.7,5.36433459143853,2159157901022.2937,29.483176795420558,28.40073940097138,0.09230791283520645,0.02652420668830402
China,CHN,2009,6972829250985.1,12671507980510.5,5.50638757066948,2301237938282.2607,29.573042176700692,28.464468328103433,0.08986538128013422,0.06372892713205403
China,CHN,2010,7711689202853.29,14014215429607.2,5.51442919129852,2541371906945.672,29.673758371964812,28.563725171990985,0.10071619526411979,0.09925684388755229
China,CHN,2011,8441318020902.42,15340147423340.5,5.62525905905797,2727011727333.5723,29.76415957595818,28.634227520235108,0.09040120399336615,0.07050234824412271
China,CHN,2012,9104482675356.36,16545296138278.3,5.85926751699787,2823782339734.4487,29.839788009850484,28.669098357424247,0.07562843389230522,0.03487083718913908
China,CHN,2013,9812695262900.89,17832309075487.5,6.12018498237226,2913687923951.52,29.914698098242997,28.70044072254829,0.07491008839251379,0.031342365124043425
China,CHN,2014,10544908798424.0,19162938196730.9,6.41481516014454,2987293899875.848,29.98666428102378,28.725389043317175,0.07196618278078404,0.024948320768885424
China,CHN,2015,11280814787468.9,20500277500109.2,6.83021877799996,3001408617559.998,30.05412459232143,28.730102833584294,0.06746031129764773,0.004713790267118156
China,CHN,2016,12045152668727.3,21889285206099.4,7.33888418946148,2982644860036.3613,30.119683426778263,28.723831559742806,0.06555883445683364,-0.0062712738414880675
China,CHN,2017,12875216222853.4,23397734154416.1,7.56256486871442,3093888721696.8154,30.18632535634536,28.7604499015945,0.06664192956709769,0.0366183418516961
China,CHN,2018,13745158275136.7,24978653070010.0,7.70563982368145,3241606620808.3145,30.2517077525858,28.80709019344943,0.06538239624044095,0.046640291854927796
China,CHN,2019,14579283528148.4,26494483218696.0,7.84852328932956,3375728432215.5874,30.310622700571052,28.847632248732296,0.058914947985250876,0.040542055282866585
China,CHN,2020,14920466234565.3,27114504049776.0,7.79212955044338,3479729626445.0786,30.333754959181427,28.877975713146366,0.02313225861037438,0.030343464414070098
China,CHN,2021,16199162892908.6,29438240129870.1,7.94393668094446,3705749593962.042,30.41598068355453,28.940906673770662,0.08222572437310305,0.06293096062429626
China,CHN,2022,16706875253648.5,30360890176120.6,8.03270195915183,3779660982134.385,30.446841442464667,28.960655434271864,0.030860758910137065,0.019748760501201446
China,CHN,2023,17611526369126.6,32004884803945.3,7.95774856871017,4021851724467.44,30.49957471095117,29.022763540479954,0.05273326848650228,0.06210810620808971
Germany,DEU,1990,2364190062225.0,3359036344895.62,9.56354931460279,351233233018.0632,28.491456610812943,26.584716321275117,,
Germany,DEU,1991,2484959073005.6,3530624705337.06,10.2540040933448,344316685774.34607,28.541277305726062,26.564827669010434,0.04982069491311947,-0.01988865226468306
Germany,DEU,1992,2534996542114.29,3601717837834.41,10.6590001085325,337903912295.79266,28.561213388913284,26.546027408864774,0.019936083187221953,-0.018800260145660275
Germany,DEU,1993,2510330187123.32,3566671931739.7,10.6590986347746,334612902455.3418,28.551435409075186,26.536240185590536,-0.00977797983809836,-0.009787223274237533
Germany,DEU,1994,2575519839599.45,3659293254989.99,10.988265707428,333018271711.0972,28.57707250912543,26.531463195424845,0.025637100050243333,-0.0047769901656913305
Germany,DEU,1995,2614281254585.26,3714365393138.8,11.0380762708893,336504776917.93896,28.592010320822805,26.541878181823268,0.014937811697375736,0.01041498639842331
Germany,DEU,1996,2641414240990.66,3752915884039.48,10.7868677886299,347915257475.883,28.60233558699712,26.575224774066445,0.010325266174316283,0.03334659224317704
Germany,DEU,1997,2690394576515.06,3822507043329.28,11.0849006377327,344839089519.44684,28.62070898150479,26.566343737986095,0.018373394507669616,-0.008881036080349958
Germany,DEU,1998,2746774816494.42,3902611971545.74,11.3859994944193,342755326263.5006,28.641448545343934,26.560282695059488,0.020739563839143216,-0.00606104292660703
Germany,DEU,1999,2805269313430.67,3985720831668.57,11.8984367696451,334978527753.8987,28.6625206622126,26.537332270460205,0.021072116868666058,-0.022950424599283537
Germany,DEU,2000,2885963533943.47,4100371013080.13,12.1818459934529,336596852011.0879,28.690879940699176,26.542151766345324,0.028359278486576045,0.004819495885119096
Germany,DEU,2001,2933181986968.52,4167458893363.17,12.0205942595627,346693250214.9672,28.707108952061873,26.571706220786112,0.01622901136269661,0.02955445444078819
Germany,DEU,2002,2926486831428.63,4157946430235.71,12.2684534594582,338913657208.37427,28.704823785899453,26.54901121338532,-0.002285166162419472,-0.022695007400791667
Germany,DEU,2003,2910982263391.97,4135917572074.44,12.2328439097132,338099431546.77325,28.699511687712967,26.546605865341988,-0.00531209818648648,-0.002405348043332367
Germany,DEU,2004,2944810405337.25,4183980526102.57,12.2724341641831,340925074042.2344,28.71106555246642,26.554928565870703,0.011553864753452103,0.008322700528715643
Germany,DEU,2005,2970886268370.04,4221029058304.43,12.4536365681488,338939476449.7993,28.719881431087284,26.54908739284118,0.008815878620865192,-0.005841173029523361
Germany,DEU,2006,3085761005285.65,4384242846643.73,12.5644028091662,348941602178.27954,28.757819422050567,26.578170416145714,0.03793799096328243,0.029083023304533384
Germany,DEU,2007,3174912263837.68,4510908770189.5,13.6273640378936,331018438903.2259,28.786301114454442,26.525439917428187,0.02848169240387577,-0.05273049871752633
Germany,DEU,2008,3203102383827.36,4550961234297.73,13.5783293733415,335163561670.01575,28.795140951023583,26.537884493410353,0.008839836569141113,0.012444575982165418
Germany,DEU,2009,3025504625850.04,4298630707514.13,13.7336486249339,312999904461.64624,28.738099011961523,26.46946872225216,-0.05704193906206001,-0.0684157711581932
Germany,DEU,2010,3150598283304.25,4476363516994.4,13.5833761355527,329547195949.18,28.77861348193914,26.520985415682436,0.040514469977615875,0.051516693430276206
Germany,DEU,2011,3268996785218.57,4644583863347.23,14.8664770896588,312419938855.4554,28.815504260255814,26.46761407763661,0.036890778316674755,-0.0533713380458245
Germany,DEU,2012,3284148978797.69,4666112068608.89,14.8252170416854,314741568739.8546,28.820128671531695,26.475017722347207,0.004624411275880647,0.007403644710596069
Germany,DEU,2013,3297186905208.25,4684636327455.46,14.572622720229,321468305149.5238,28.82409076788914,26.496164791470473,0.003962096357444267,0.02114706912326625
Germany,DEU,2014,3369071713224.27,4786770113833.19,15.5776835396482,307283820578.96735,28.845658366331303,26.451037654449355,0.021567598442164382,-0.04512713702111881
Germany,DEU,2015,3425099578746.09,4866374389150.05,15.7566961431162,308844845705.55585,28.862151661306545,26.456104870283223,0.016493294975241213,0.005067215833868488
Germany,DEU,2016,3501212900675.89,4974516039340.52,16.043684955454,310060690742.3377,28.884130567441996,26.460033891852053,0.021978906135451837,0.0039290215688296826
Germany,DEU,2017,3599173571724.7,5113698357920.12,16.4398876414384,311054337441.4875,28.911725371627096,26.46323345232553,0.02759480418509952,0.0031995604734760263
Germany,DEU,2018,3640049243667.4,5171774427975.31,17.0476741693584,303371262061.72394,28.923018325965742,26.4382231797363,0.01129295433864641,-0.02501027258922761
Germany,DEU,2019,3675639268112.03,5222340661010.2,17.6005203625001,296715128499.0976,28.93274818397239,26.416038352154935,0.009729858006647163,-0.022184827581366307
Germany,DEU,2020,3523764998709.97,5006558013528.86,17.9754275929551,278522332091.3391,28.890551135828243,26.35276408014145,-0.042197048144146265,-0.06327427201348357
Germany,DEU,2021,3661544208117.2,5202314428956.09,18.0358275049447,288443345753.3248,28.928906089146928,26.387764528405317,0.03835495331868444,0.03500044826386528
Germany,DEU,2022,3727790994177.62,5296437725413.92,19.5214257935273,271314082354.06937,28.946836947386704,26.326542962208777,0.017930858239775915,-0.06122156619654007
Germany,DEU,2023,3695372350062.48,5250377382984.22,21.5283947281842,243881508550.68698,28.93810243658112,26.21994832359379,-0.00873451080558496,-0.10659463861498608
France,FRA,1990,1630899060963.07,2252131019723.13,10.0658692588471,223739347473.01486,28.120152549830756,26.133747583908878,,
France,FRA,1991,1651067777785.17,2279982279111.45,9.6413261778426,236480151905.99353,28.13244333258912,26.189130117069006,0.01229078275836315,0.05538253316012742
France,FRA,1992,1676098974378.87,2314548203918.7,9.95927967169197,232401165567.9797,28.147490170170165,26.17173087726434,0.01504683758104619,-0.01739923980466429
France,FRA,1993,1670081815758.79,2306239026543.33,9.76202214356637,236246035158.12036,28.143893732629497,26.188139620779946,-0.003596437540668518,0.01640874351560484
France,FRA,1994,1709890902349.41,2361211943582.49,10.3891136925319,227277515047.29623,28.167450684612156,26.14943764099055,0.023556951982659058,-0.03870197978939771
France,FRA,1995,1749300344479.7,2415632986071.29,10.2041874090397,236729578675.84103,28.190237020766926,26.19018430837923,0.02278633615476977,0.0407466673886816
France,FRA,1996,1773739467493.06,2449381308300.82,9.7904641637494,250180304767.36804,28.204111127414624,26.245447713924637,0.01387410664769817,0.055263405545407096
France,FRA,1997,1818562957062.05,2511278683611.68,10.3561596699664,242491306009.36627,28.229067721099756,26.2142316951735,0.02495659368513259,-0.031216018751138108
France,FRA,1998,1881350558837.76,2597982949373.9,10.4092546987659,249583954332.66818,28.26301101721782,26.24306118584911,0.033943296118064126,0.028829490675612135
France,FRA,1999,1945303460549.75,2686296393899.28,10.7821479365657,249142973153.72504,28.296439101677173,26.241292757999865,0.03342808445935219,-0.0017684278492460237
France,FRA,2000,2025858476151.37,2797535926604.37,11.118779350295,251604590618.13712,28.337014665490553,26.251124607306313,0.040575563813380455,0.009831849306447538
France,FRA,2001,2064338989612.96,2850674198675.33,10.9552179546627,260211545810.64648,28.355831189215657,26.284760774871447,0.01881652372510345,0.033636167565134656
France,FRA,2002,2086380974762.6,2881112280148.3,11.0443708833816,260867034489.35175,28.36645208994593,26.287276668056247,0.010620900730273775,0.0025158931847997223
France,FRA,2003,2106573536968.08,2908996467955.6,10.8764040796931,267459396197.5789,28.376083827306637,26.312233601845623,0.009631737360706438,0.024956933789376023
France,FRA,2004,2166995343501.89,2992433774420.27,11.0280083011108,271348523932.36374,28.404362689658075,26.32666989772245,0.028278862351438505,0.014436295876826932
France,FRA,2005,2207920477337.34,3048947856501.29,11.1870335171903,272543016145.98666,28.423072227996148,26.331062296008003,0.018709538338072207,0.004392398285553156
France,FRA,2006,2267844862926.15,3131698267518.58,11.6800741743082,268123148944.30606,28.44985109686461,26.314712222900642,0.026778868868461814,-0.01635007310736114
France,FRA,2007,2325232266328.63,3210945324824.36,12.1090357374146,265169365625.30362,28.47484104947443,26.30363457435244,0.02498995260982184,-0.011077648548202035
France,FRA,2008,2334072135222.36,3223152421770.07,12.1004558370142,266366198528.71475,28.478635555580258,26.308137885162672,0.003794506105826656,0.004503310810232364
France,FRA,2009,2268145064848.79,3132112820496.35,12.2905578878508,254838946211.90787,28.44998346132214,26.263897599089255,-0.02865209425811699,-0.04424028607341768
France,FRA,2010,2313515332182.54,3194765248768.1,12.1596739026866,262734451132.1342,28.46978927253865,26.294409667529525,0.019805811216510705,0.030512068440270212
France,FRA,2011,2369909039106.43,3272640096893.57,12.6766959960707,258161913633.32886,28.493872690215184,26.276852797249138,0.024083417676532548,-0.017556870280387216
France,FRA,2012,2374265767668.09,3278656363487.31,12.7088339756827,257982468711.1931,28.49570935516276,26.276157468827464,0.0018366649475751728,-0.0006953284216741906
France,FRA,2013,2392826743357.49,3304287470958.63,12.7529919075171,259099001624.15668,28.5034965207951,26.280476071261806,0.007787165632340276,0.0043186024343420115
France,FRA,2014,2416703156974.4,3337258740017.21,13.3995774955709,249057012515.52954,28.51342539545071,26.240947673128243,0.009928874655610542,-0.03952839813356235
France,FRA,2015,2442483452642.5,3372859106073.87,13.3404385153748,252829702875.70862,28.52403644607786,26.255981987869696,0.010611050627151286,0.015034314741452448
France,FRA,2016,2463489569347.31,3401866742516.37,13.7121401053049,248091597401.3618,28.53259998484284,26.237063859280884,0.008563538764978063,-0.01891812858881181
France,FRA,2017,2514819204088.14,3472748543479.96,14.0053464157639,247958775198.2459,28.553222029853764,26.236528340254484,0.02062204501092424,-0.0005355190263998111
France,FRA,2018,2556210832760.02,3529906814718.25,14.3242420844676,246428871691.98862,28.56954713447247,26.23033923581606,0.016325104618704955,-0.006189104438423243
France,FRA,2019,2608036638906.12,3601473785622.54,14.8240416015214,242948170440.43637,28.589618808554594,26.21611396716876,0.020071674082124957,-0.014225268647301448
France,FRA,2020,2413981867676.36,3333500874071.68,15.273811063789,218249450654.44153,28.512298727256855,26.108904514615723,-0.0773200812977386,-0.10720945255303604
France,FRA,2021,2580120255051.75,3562923665911.39,15.1354029346359,235403291296.46,28.578857124261013,26.184566013393027,0.06655839700415811,0.0756614987773041
France,FRA,2022,2650215998256.03,3659719845024.82,17.3130735606318,211384756854.8809,28.60566226138088,26.07694580208215,0.026805137119865208,-0.10762021131087707
France,FRA,2023,2688358302961.22,3712391079956.77,17.3133304775592,214423855928.15967,28.619951826938763,26.09122052827484,0.014289565557884742,0.014274726192688547
India,IND,1990,465242841648.51,1905660987236.34,6.80832949454775,279901404413.8775,26.865825346318186,26.357703251011063,,
India,IND,1991,470159674247.956,1925800611593.23,6.57771929474269,292776344702.4025,26.876338206396976,26.402674825819073,0.010512860078790709,0.04497157480800951
India,IND,1992,495935689518.468,2031380627684.13,6.69141070064962,303580323875.04144,26.929712097036088,26.43891207099692,0.053373890639111465,0.036237245177847655
India,IND,1993,519496484311.542,2127886975436.52,6.80633709338721,312633204356.5544,26.97612588001629,26.468296469243437,0.04641378298020271,0.029384398246516952
India,IND,1994,554089360749.644,2269581353432.3,6.93335213684566,327342576669.5372,27.040591811678226,26.51427309453205,0.06446593166193537,0.04597662528861335
India,IND,1995,596058814154.216,2441490607802.2,7.03024382786953,347283916117.32733,27.11360518060987,26.573408484415655,0.0730133689316439,0.059135389883604006
India,IND,1996,641058406947.109,2625811484450.37,7.28921670621322,360232325403.65656,27.186386408198274,26.610015008592363,0.07278122758840411,0.03660652417670818
India,IND,1997,667020123972.214,2732152145428.85,7.26907395991378,375859725804.91626,27.226086053279786,26.652481841060727,0.03969964508151236,0.04246683246836369
India,IND,1998,708271422053.216,2901119794984.25,7.52830930161186,385361397726.1935,27.286093221656685,26.677447426327902,0.06000716837689879,0.024965585267175072
India,IND,1999,770923380745.097,3157745760533.79,7.73959967428018,407998590809.2172,27.37085482910607,26.73452955744563,0.08476160744938355,0.05708213111772764
India,IND,2000,800534479623.61,3279034495943.53,7.84849567608411,417791463647.66235,27.408545441064714,26.758248254188683,0.03769061195864509,0.023718696743053158
India,IND,2001,839151992864.812,3437214013863.84,8.10616466656795,424024696665.71844,27.45565768655902,26.773057537335195,0.047112245494307814,0.014809283146512087
India,IND,2002,871073127580.09,3567964786685.36,8.18105617833272,436125203019.01935,27.49299176846072,26.801195201959736,0.0373340819016974,0.02813766462454126
India,IND,2003,939542798342.002,3848420429844.88,8.62128298803536,446386046622.72754,27.56865920914448,26.824449989959408,0.07566744068376252,0.02325478799967229
India,IND,2004,1013982178697.24,4153328341064.72,8.79976554664658,471981704404.32623,27.644906445693824,26.880206059925467,0.07624723654934229,0.05575606996605842
India,IND,2005,1094324353140.52,4482414430651.38,9.12610067039317,491164254323.11926,27.721158259660804,26.920044438987837,0.07625181396698011,0.03983837906237042
India,IND,2006,1182534912713.8,4843729870659.97,9.34791828910098,518161340403.18054,27.79868148137036,26.973552498669626,0.07752322170955495,0.05350805968178918
India,IND,2007,1273126725479.64,5214799058396.79,9.49626959392695,549141850578.016,27.87249697923703,27.031622625005124,0.07381549786667208,0.05807012633549746
India,IND,2008,1312424303406.43,5375764159724.54,9.24174488711551,581682812649.2894,27.9028971561539,27.089191140665893,0.03040017691687069,0.05756851566076904
India,IND,2009,1415605643155.69,5798400761878.85,9.28726813713655,624338683481.4282,27.97857857181532,27.159958820063295,0.07568141566141762,0.07076767939740236
India,IND,2010,1535897931732.14,6291124777993.23,9.51230680258485,661366891181.8209,28.060136297750862,27.2175745775502,0.08155772593554289,0.05761575748690362
India,IND,2011,1616399198833.92,6620862520105.21,9.60267198711397,689481274481.7157,28.1112220745022,27.25920537569889,0.051085776751339296,0.04163079814869164
India,IND,2012,1704596203504.32,6982122438465.14,9.54399915733579,731571988153.2556,28.164349367825935,27.31846146425724,0.05312729332373323,0.05925608855834952
India,IND,2013,1813453530766.63,7428008206430.01,9.9301792934352,748023574090.0101,28.226254171280758,27.34070033058738,0.061904803454822854,0.022238866330141605
India,IND,2014,1947834564908.95,7978440521051.13,9.96425594836036,800706100124.2144,28.297739391931085,27.40875980048507,0.07148522065032736,0.06805946989768685
India,IND,2015,2103588360044.94,8616416873256.67,10.4254061101304,826482612018.7367,28.37466574529629,27.440444715896334,0.07692635336520581,0.03168491541126528
India,IND,2016,2277267041550.36,9327814573620.6,11.0647517315433,843020684054.6584,28.45399717393354,27.460257330892404,0.07933142863724996,0.01981261499607001
India,IND,2017,2432016068497.75,9961675338509.53,11.3062353827653,881078007069.855,28.519741687123204,27.504412002742452,0.06574451318966368,0.04415467185004829
India,IND,2018,2588974770244.57,10604587056326.2,11.5431704986301,918689285373.088,28.58228307166961,27.54621380134216,0.06254138454640668,0.041801798599706785
India,IND,2019,2689205295885.31,11015136957033.9,11.8895958908088,926451753128.8934,28.620266836855624,27.554627806981202,0.037983765186012874,0.008414005639043154
India,IND,2020,2533830417086.54,10378712667572.0,11.7036769067092,886790770994.5704,28.560753272575635,27.51087490754665,-0.059513564279988884,-0.043752899434551296
India,IND,2021,2779348258938.77,11384367630967.9,11.8939842907849,957153410719.4143,28.653237576915263,27.58722951933413,0.09248430433962795,0.0763546117874796
India,IND,2022,2990839011962.46,12250645714410.2,11.8070695539712,1037568692079.891,28.726575069976153,27.66790129609316,0.07333749306089032,0.08067177675902926
India,IND,2023,3265719695911.24,13376572539398.9,12.1878690175057,1097531694850.4977,28.81450128190426,27.724084860613594,0.08792621192810657,0.056183564520434714
United States,USA,1990,9737636593624.97,11077900303331.0,5.78640146121541,1914471434030.803,29.907019554613676,28.280462686901465,,
United States,USA,1991,9727089478755.8,11065901510206.5,5.7330147300107,1930206362854.7222,29.905935838782053,28.28864803688833,-0.0010837158316228113,0.0081853499868636
United States,USA,1992,10069725930661.5,11455697578072.0,5.8182993864651,1968908235406.548,29.94055460586973,28.308500309830407,0.034618767087675195,0.01985227294207803
United States,USA,1993,10346824232649.6,11770934990572.7,5.87523852091142,2003482062673.208,29.967700751130533,28.325907813986877,0.02714614526080439,0.017407504156469855
United States,USA,1994,10763700132799.0,12245188636856.9,6.00088484161542,2040563843508.207,30.00720049006244,28.344247279471496,0.03949973893190872,0.018339465484618955
United States,USA,1995,11052644207040.4,12573902243788.9,6.08447688534079,2066554361326.1077,30.033690810020673,28.356903776541124,0.026490319958231368,0.012656497069627903
United States,USA,1996,11469635349338.5,13048286993860.1,6.17676801230985,2112478073946.7324,30.07072425487645,28.378882816927064,0.03703344485577631,0.021979040385939896
United States,USA,1997,11979704707077.8,13628561009889.7,6.38757292107191,2133605546001.7615,30.11423505948717,28.388834409174244,0.04351080461072243,0.00995159224718023
United States,USA,1998,12516770844481.1,14239547574159.7,6.61755916431878,2151782435272.8,30.158090528563598,28.397317654266324,0.043855469076426346,0.008483245092079983
United States,USA,1999,13116127034705.4,14921397636816.2,6.75172744377609,2210011846756.509,30.204863660340212,28.42401899196715,0.04677313177661446,0.026701337700824723
United States,USA,2000,13650948362520.0,15529830421574.7,6.83272854281234,2272859271997.7495,30.244830112253787,28.45205974599083,0.03996645191357473,0.028040754023681558
United States,USA,2001,13781388409036.2,15678223906685.3,7.03164489875058,2229666618897.534,30.254340131811308,28.432873191972373,0.009510019557520621,-0.019186554018457258
United States,USA,2002,14015733659783.6,15944823845939.4,7.07051757131894,2255114096684.868,30.2712016473581,28.44422168480269,0.01686151554679327,0.01134849283031869
United States,USA,2003,14407558345762.9,16390578292198.3,7.25144448810073,2260319074233.3403,30.298774069928914,28.446527102536407,0.02757242257081316,0.002305417733715842
United States,USA,2004,14961928297813.8,17021250324465.6,7.37848060121125,2306877424285.888,30.336529977081074,28.4669159616262,0.03775590715216026,0.020388859089791822
United States,USA,2005,15483134541390.2,17614194079174.4,7.59936017479913,2317852249928.394,30.370772453345737,28.47166211849036,0.03424247626466226,0.004746156864161577
United States,USA,2006,15914268559668.9,18104668294960.3,7.8858018408949,2295856358077.816,30.398237216427617,28.462127030616,0.027464763081880506,-0.009535087874361636
United States,USA,2007,16233167950743.9,18467460192886.9,7.90439463373393,2336353515811.636,30.4180776694579,28.479612503268196,0.01984045303028381,0.01748547265219713
United States,USA,2008,16251606759787.8,18488436873043.0,8.12288482138745,2276092457246.616,30.419212897341637,28.453481254059387,0.0011352278837364338,-0.026131249208809493
United States,USA,2009,15832884074310.8,18012082254562.6,8.32439949947864,2163769561478.9639,30.393110163644423,28.402872983940835,-0.02610273369721483,-0.05060827011855196
United States,USA,2010,16259610790677.0,18497542558530.8,8.34749286536915,2215939906372.449,30.419705283148996,28.42669776638291,0.026595119504573717,0.023824782442076753
United States,USA,2011,16513977256911.2,18786919382810.4,8.59465424001444,2185884255278.5269,30.435228244722353,28.413041556101092,0.015522961573356753,-0.013656210281819625
United States,USA,2012,16892000920975.5,19216973269350.6,8.96340203529553,2143937446259.7117,30.457861307521643,28.393665182526636,0.022633062799290116,-0.019376373574456096
United States,USA,2013,17249744800617.5,19623956113154.4,8.99467080975763,2181731441673.871,30.47881846512938,28.41113991678836,0.020957157607735866,0.01747473426172519
United States,USA,2014,17685097277697.8,20119229405758.1,9.11250272325417,2207870879908.315,30.5037434391475,28.423049764331083,0.024924974018119883,0.011909847542721508
United States,USA,2015,18206020741000.0,20711851459029.9,9.47905972641372,2185011177988.0051,30.532773465250806,28.412642060247,0.02903002610330674,-0.010407704084084202
United States,USA,2016,18537270454435.6,21088693546497.8,9.75728832874039,2161327290532.1873,30.55080444054779,28.40174363526268,0.018030975296984053,-0.010898424984318922
United States,USA,2017,18992846546661.7,21606973981564.2,10.0375073248543,2152623483328.5999,30.575083526657874,28.397708439002898,0.024279086110084336,-0.00403519625978177
United States,USA,2018,19556270302218.3,22247945959987.6,10.05001851507,2213721887837.9985,30.604317082507816,28.425696327075414,0.029233555849941695,0.027987888072516398
United States,USA,2019,20061570168697.6,22822794024024.9,10.313881682529,2212822943536.877,30.629827169013158,28.425290166357417,0.025510086505342144,-0.00040616071799703946
United States,USA,2020,19627632559934.5,22329130338640.6,10.9650294209427,2036394931690.105,30.607959513782003,28.342202170113758,-0.02186765523115497,-0.08308799624365903
United States,USA,2021,20816096100824.5,23681171000000.0,11.062556172742,2140659955097.0066,30.666747654368695,28.39213528765206,0.05878814058669235,0.049933117538301985
United States,USA,2022,21339074561820.0,24276130895657.9,11.1613536949933,2175016719212.7917,30.69156099449911,28.408057467434038,0.024813340130414474,0.01592217978197752
United States,USA,2023,21955252291273.6,24977117771722.8,11.6537620133459,2143266504251.5007,30.72002751116628,28.39335218504789,0.028466516667169373,-0.014705282386149321
World,WLD,1990,35945880219087.1,59655932609124.3,7.05446947500498,8456473278464.669,31.21303559600689,29.76595333247432,,
World,WLD,1991,36390873910981.3,60170695121005.2,7.06306732774049,8519060109293.069,31.225339142405268,29.773327134873863,0.012303546398378273,0.007373802399541773
World,WLD,1992,37149005453487.7,60973422661034.1,7.15896858224721,8517068060926.517,31.24595811563,29.773093273241017,0.020618973224731718,-0.0002338616328465548
World,WLD,1993,37851113313325.5,61911812366599.1,7.1816431536016,8620842200374.475,31.26468150920573,29.7852038988912,0.01872339357572983,0.012110625650183948
World,WLD,1994,39135896985992.0,63578969698531.1,7.32731009534275,8676986352596.432,31.298061243223998,29.791695389913542,0.03337973401826844,0.006491491022341478
World,WLD,1995,40374390922535.4,65564581101270.8,7.36432501347991,8902999389795.965,31.329216811847623,29.81740934598093,0.031155568623624674,0.025713956067388466
World,WLD,1996,41824891712125.0,68003210633466.1,7.45401213633437,9123034600653.035,31.36451277372755,29.841823605968354,0.03529596187992823,0.024414259987423748
World,WLD,1997,43483502334138.3,70689943948617.4,7.67420749872887,9211367292365.531,31.403402725400706,29.851459412545736,0.038889951673155565,0.009635806577382056
World,WLD,1998,44715003412067.1,72456565661300.8,7.83475393171859,9248097169709.975,31.431330208033682,29.855438934908687,0.027927482632975398,0.003979522362950405
World,WLD,1999,46315964796815.2,75077703230437.2,7.95526491694602,9437486245179.512,31.46650782961298,29.875710773038207,0.03517762157929738,0.020271838129520603
World,WLD,2000,48425685628052.2,78686230708143.3,8.16574448120401,9636136777150.451,31.51105148367692,29.896541394971308,0.0445436540639399,0.0208306219331007
World,WLD,2001,49412868939567.6,80592319778542.9,8.28236906177882,9730587852026.234,31.531232011046477,29.906295426748144,0.020180527369557666,0.009754031776836314
World,WLD,2002,50554835407744.4,82847121081074.9,8.34538822056975,9927293840791.367,31.554079712759844,29.926309033258363,0.02284770171336703,0.02001360651021855
World,WLD,2003,52118918453371.3,85909833585600.7,8.34073915655996,10300026409294.064,31.58454911688338,29.963167575169983,0.030469404123536492,0.03685854191162008
World,WLD,2004,54465231584489.7,90345665766089.3,8.40265409875127,10752039141955.836,31.628583661441244,30.006116540137597,0.0440345445578636,0.042948964967614245
World,WLD,2005,56673544164731.9,94500662250049.1,8.55144252972779,11050844570554.256,31.668328624559162,30.03352797269592,0.03974496311791853,0.027411432558324123
World,WLD,2006,59210348113404.5,99417130223697.4,8.74831507726613,11364146049340.225,31.71211744175582,30.061484431768584,0.04378881719665628,0.0279564590726622
World,WLD,2007,61823800945165.4,104612869733906.0,8.96374515001901,11670665328284.588,31.755309534811772,30.08809957245148,0.04319209305595351,0.026615140682896055
World,WLD,2008,63117398807667.0,107565079664721.0,9.10982305376283,11807592642569.61,31.776017581345567,30.09976388476421,0.020708046533794544,0.011664312312731795
World,WLD,2009,62285101784074.8,106878601743723.0,9.13583219428124,11698835910167.639,31.762743376432,30.09051045792485,-0.0132742049135679,-0.009253426839361367
World,WLD,2010,65103029475797.8,112356258986890.0,9.10115370173834,12345276507683.824,31.80699219978686,30.14429463682915,0.04424882335485947,0.05378417890430143
World,WLD,2011,67276821813552.3,116792115186649.0,9.30149139305652,12556278369921.762,31.839836892272253,30.161241924933424,0.032844692485394233,0.01694728810427293
World,WLD,2012,69114292959206.7,120464391619854.0,9.46301825185557,12730017887922.023,31.866782669874386,30.174983933675353,0.026945777602133347,0.013742008741928657
World,WLD,2013,71110411922590.2,124406939304246.0,9.62185633594534,12929619291808.217,31.895254882559133,30.190541864489838,0.028472212684746978,0.015557930814484422
World,WLD,2014,73338313563659.0,128697476222905.0,9.83647431759275,13083699714716.557,31.92610428353858,30.202388274769362,0.03084940097944866,0.011846410279524378
World,WLD,2015,75621913961646.1,132968569072148.0,10.1544374378503,13094626845256.09,31.956767224328193,30.203223097510925,0.03066294078961107,0.0008348227415631015
World,WLD,2016,77734481755129.3,137272012747644.0,10.388201591714,13214223033285.863,31.984320055492944,30.21231486795335,0.027552831164751268,0.009091770442424263
World,WLD,2017,80417743987091.4,142505340699153.0,10.5619365353684,13492349648376.525,32.01825596412047,30.233143948029078,0.0339359086275266,0.020829080075728257
World,WLD,2018,83050587362222.7,147702373822993.0,10.683405164958,13825402251658.746,32.05047102435565,30.257528758874518,0.03221506023518117,0.024384810845440086
World,WLD,2019,85275610244218.1,152076274136857.0,10.8753774679386,13983539843576.82,32.07690960039901,30.268902028377607,0.026438576043361195,0.011373269503089034
World,WLD,2020,82803280050477.7,147759549338760.0,10.8610052894868,13604592337487.195,32.047488790671345,30.241428523546297,-0.02942080972766803,-0.027473504831309725
World,WLD,2021,88113743893150.0,157355030398695.0,10.9238678180239,14404699234740.477,32.109649640030895,30.298575605020442,0.06216084935955024,0.05714708147414527
World,WLD,2022,91112302917180.8,163062160489275.0,11.2245127878309,14527326358972.078,32.1431139595634,30.30705256824961,0.033464319532505726,0.008476963229167467
World,WLD,2023,93798835497645.3,168686420963648.0,11.4195744228222,14771690670584.494,32.172173557126406,30.32373367244674,0.029059597563005468,0.016681104197129315
